{
  "경동파니틴정": {
    "form": "tablet",
    "mean_ellipse_ratio": 0.9771189019083977,
    "mean_lab": [
      64.49667358398438,
      -34.16862869262695,
      38.91367721557617
    ]
  },
  "오피큐탄연질캡슐": {
    "form": "softgel",
    "mean_ellipse_ratio": 0.7144813686609268,
    "mean_lab": [
      57.83713912963867,
      20.82432746887207,
      21.543304443359375
    ]
  },
  "레비에필정100": {
    "form": "softgel",
    "mean_ellipse_ratio": 0.5397529885172844,
    "mean_lab": [
      80.82591247558594,
      -0.09667914360761642,
      7.994014739990234
    ]
  },
  "레비에필정250": {
    "form": "softgel",
    "mean_ellipse_ratio": 0.47572344690561297,
    "mean_lab": [
      68.0394515991211,
      -4.530016899108887,
      -7.301405906677246
    ]
  },
  "웰러드연질캡슐": {
    "form": "softgel",
    "mean_ellipse_ratio": 0.7158181175589562,
    "mean_lab": [
      59.50618362426758,
      34.49641036987305,
      49.702537536621094
    ]
  },
  "세바코에이치씨티정10:40:12.5": {
    "form": "tablet",
    "mean_ellipse_ratio": 0.9789654016494751,
    "mean_lab": [
      56.84450149536133,
      20.69687271118164,
      22.986448287963867
    ]
  },
  "세바코에이치씨티정5:40:12.5": {
    "form": "tablet",
    "mean_ellipse_ratio": 0.978904077410698,
    "mean_lab": [
      66.20628356933594,
      5.766899585723877,
      44.95846176147461
    ]
  },
  "게스타렌투엑스정": {
    "form": "softgel",
    "mean_ellipse_ratio": 0.602189227938652,
    "mean_lab": [
      59.20540237426758,
      -25.946420669555664,
      30.524005889892578
    ]
  },
  "아세트아미노펜": {
    "form": "softgel",
    "mean_ellipse_ratio": 0.4008990128835042,
    "mean_lab": [
      61.106239318847656,
      -0.9364661574363708,
      7.0477447509765625
    ]
  }
}